"order_id","order_date","supplier_id","supplier_name","product_id","product_name","batch_number","expiration_date","quantity_ordered","unit_of_measure","order_status","shipment_id","shipment_date","carrier_name","tracking_number","expected_delivery_date","actual_delivery_date","destination_facility_id","destination_facility_name","destination_street_address","destination_city","destination_state","destination_postal_code","destination_country","storage_location_id","storage_condition","storage_entry_date","storage_exit_date","current_inventory_level","stockout_flag","last_updated"
"ORD00001","2023-02-14T09:32:00Z","SUP001","Global Pharma Inc.","PRD1001","Atorvastatin Calcium Tablets","ATC202302A","2025-03-31","5000","tablets","delivered","SHIP1001A","2023-02-15T14:12:00Z","DHL Express","DHL998774","2023-02-18","2023-02-18","FAC001","Midtown General Hospital","123 Elm Street","Chicago","IL","60611","USA","STOR01","room temperature","2023-02-18T16:20:00Z","","5400","false","2023-02-18T18:05:00Z"
"ORD00002","2023-02-15T11:27:00Z","SUP002","Northway Biologics Ltd.","PRD1002","Influenza Vaccine Quadrivalent","INFQV2023B","2024-12-15","100","vials","shipped","SHIP1002B","2023-02-16T10:10:00Z","UPS Healthcare","UPSFLU1234","2023-02-19","","FAC002","Maple Pharmacy","77 Maple Avenue","Minneapolis","MN","55401","USA","COOL01","refrigerated","","","100","false","2023-02-16T10:11:00Z"
"ORD00003","2023-02-19T13:51:00Z","SUP003","Cardio Health Solutions","PRD1003","Metoprolol Tartrate Tablets","MET20230215","2026-02-15","8000","tablets","delivered","SHIP1003C","2023-02-20T08:00:00Z","FedEx Supply Chain","FDXMTPL234","2023-02-22","2023-02-22","FAC003","Green Valley Clinic","201 Oak Lane","Dallas","TX","75201","USA","STOR02","room temperature","2023-02-22T12:16:00Z","","8320","false","2023-02-22T14:35:00Z"
"ORD00004","2023-02-23T17:42:00Z","SUP004","EuroPharm Distribution","PRD1004","Oxycodone Hydrochloride Capsules","OXY2023C02","2025-02-28","20","capsules","pending","","","","","","","FAC004","Emerald Rehabilitation Center","45 Cedar Boulevard","New York","NY","10016","USA","","controlled substance","","","0","false","2023-02-23T17:43:00Z"
"ORD00005","2023-03-01T10:00:00Z","SUP005","AmeriMeds Wholesale","PRD1005","Amoxicillin Oral Suspension","AMX20230301","2025-09-30","200","bottles","cancelled","","","","","","","FAC005","Downtown Family Pharmacy","49 Main Street","Denver","CO","80202","USA","","","","","0","true","2023-03-01T10:02:00Z"
"ORD00006","2023-03-02T15:20:00Z","SUP002","Northway Biologics Ltd.","PRD1006","Human Insulin Injection Vial","INS20230302A","2025-03-28","80","vials","shipped","SHIP1006A","2023-03-03T17:00:00Z","Cardinal Health","CRDINS980","2023-03-06","","FAC006","St. George's Hospital","2201 Pine Street","Philadelphia","PA","19103","USA","COOL02","refrigerated","","","80","false","2023-03-03T17:01:00Z"
"ORD00007","2023-03-05T08:12:00Z","SUP006","VaccineWorks Europe","PRD1007","COVID-19 mRNA Vaccine","COV19MRNA2023A","2024-09-04","3000","doses","delivered","SHIP1007A","2023-03-06T11:15:00Z","UPS Healthcare","UPSCOVID7A","2023-03-08","2023-03-08","FAC007","Harmony Medical Center","5 Willow Road","Houston","TX","77002","USA","FZR01","frozen","2023-03-08T13:30:00Z","","2950","false","2023-03-08T14:08:00Z"
"ORD00008","2023-03-07T13:44:00Z","SUP003","Cardio Health Solutions","PRD1008","Epinephrine Auto-Injector","EPI20230307","2025-08-31","36","pens","delivered","SHIP1008A","2023-03-08T08:55:00Z","FedEx Supply Chain","FDXEPI888","2023-03-09","2023-03-09","FAC008","Sunrise Outpatient Clinic","238 Lakeview Drive","Seattle","WA","98101","USA","STOR03","room temperature","2023-03-09T10:20:00Z","","36","false","2023-03-09T13:00:00Z"
"ORD00009","2023-03-10T15:21:00Z","SUP007","Nova Chem Corporation","PRD1009","Methotrexate Injection","MTX20230310","2024-07-31","16","ampules","delivered","SHIP1009A","2023-03-11T11:32:00Z","AmerisourceBergen","AMSBMTX16","2023-03-13","2023-03-13","FAC009","Redwood Cancer Institute","98 Redwood Road","San Francisco","CA","94117","USA","HAZ01","hazardous","2023-03-13T12:00:00Z","","0","true","2023-03-13T12:09:00Z"
"ORD00010","2023-03-12T09:50:00Z","SUP008","Nordic Pharma AS","PRD1010","Diazepam Rectal Gel","DZP20230312A","2026-03-31","24","tubes","pending","","","","","","","FAC010","Bayshore Children’s Hospital","11 Harbor View","Miami","FL","33136","USA","","controlled substance","","","0","false","2023-03-12T09:51:00Z"
"ORD00011","2023-04-01T08:15:00Z","SUP009","Bayer Healthcare","PRD1011","Levothyroxine Sodium Tablets","LEV20230401","2026-04-30","10000","tablets","delivered","SHIP1011A","2023-04-02T16:00:00Z","FedEx Supply Chain","FDXLEV0110","2023-04-05","2023-04-05","FAC011","Saint Michael Hospital","355 Lake Street","Buffalo","NY","14202","USA","STOR04","room temperature","2023-04-05T19:20:00Z","","10250","false","2023-04-05T20:00:00Z"
"ORD00012","2023-04-02T10:12:00Z","SUP010","Medline Canada","PRD1012","Clopidogrel Bisulfate Tablets","CLOP20230402","2025-05-30","250","boxes","cancelled","","","","","","","FAC012","Queen Victoria Medical Center","17 Queen Street","Toronto","ON","M5G2C2","Canada","","","","","0","true","2023-04-02T10:13:00Z"
"ORD00013","2023-04-07T12:04:00Z","SUP011","Sandoz Pharmaceuticals","PRD1013","Fentanyl Transdermal System","FEN20230407","2026-06-30","12","patches","delivered","SHIP1013A","2023-04-08T09:15:00Z","McKesson Medical","MCKFEN123","2023-04-10","2023-04-10","FAC013","Mercy Pain Management","700 South St.","Edmonton","AB","T5J4B7","Canada","CTRL01","controlled substance","2023-04-10T13:22:00Z","","0","true","2023-04-10T14:00:00Z"
"ORD00014","2023-04-11T15:33:00Z","SUP012","Berlin Arzneimittel","PRD1014","Ibuprofen 400mg Tablets","IBU20230411","2026-05-31","6000","tablets","delivered","SHIP1014A","2023-04-12T11:00:00Z","DHL Express","DHLIBU6000","2023-04-14","2023-04-14","FAC014","Universitätsklinikum Berlin","Charitéplatz 1","Berlin","BE","10117","Germany","STOR05","room temperature","2023-04-14T14:00:00Z","","6100","false","2023-04-14T15:00:00Z"
"ORD00015","2023-04-14T13:00:00Z","SUP002","Northway Biologics Ltd.","PRD1002","Influenza Vaccine Quadrivalent","INFQV2023C","2024-12-15","50","vials","backordered","","","","","","","FAC015","Norwegian Health Clinic","Storgata 50","Oslo","OS","0179","Norway","","refrigerated","","","0","true","2023-04-14T13:01:00Z"
"ORD00016","2023-04-17T09:05:00Z","SUP013","Norway Health Supply","PRD1015","Paracetamol Oral Suspension","PARA20230417","2025-09-30","247","bottles","delivered","SHIP1015A","2023-04-18T08:45:00Z","Bring Logistics","BRGPARA247","2023-04-20","2023-04-20","FAC016","Oslo Pediatric Center","Dronning Eufemias gate 20","Oslo","OS","0191","Norway","STOR06","room temperature","2023-04-20T11:30:00Z","","250","false","2023-04-20T12:00:00Z"
"ORD00017","2023-04-18T16:10:00Z","SUP014","Cytomed Pharmaceuticals","PRD1016","Docetaxel Injection","DOC20230418B","2025-11-30","10","vials","delivered","SHIP1016A","2023-04-19T10:10:00Z","AmerisourceBergen","AMSDOC010","2023-04-21","2023-04-21","FAC017","Walnut Oncology Center","900 Walnut Ave","Columbus","OH","43215","USA","HAZ02","hazardous","2023-04-21T13:00:00Z","","0","true","2023-04-21T13:10:00Z"
"ORD00018","2023-04-20T12:55:00Z","SUP015","Pfizer Inc.","PRD1017","Amlodipine Besylate Tablets","AML20230420A","2025-12-31","600","tablets","delivered","SHIP1017A","2023-04-21T09:22:00Z","FedEx Supply Chain","FDXAML0600","2023-04-23","2023-04-23","FAC018","St. Lawrence Hospital","44 University Ave","Kingston","ON","K7L3N6","Canada","STOR07","room temperature","2023-04-23T14:00:00Z","","650","false","2023-04-23T16:10:00Z"
"ORD00019","2023-04-25T10:25:00Z","SUP001","Global Pharma Inc.","PRD1001","Atorvastatin Calcium Tablets","ATC20230425","2026-06-30","9999","tablets","delivered","SHIP1001B","2023-04-26T15:00:00Z","DHL Express","DHL998799","2023-04-29","2023-04-29","FAC019","Westside Medical Center","88 Westside Blvd","Los Angeles","CA","90017","USA","STOR08","room temperature","2023-04-29T17:30:00Z","","10000","false","2023-04-29T17:40:00Z"
"ORD00020","2023-04-28T16:10:00Z","SUP002","Northway Biologics Ltd.","PRD1002","Influenza Vaccine Quadrivalent","INFQV2023D","2024-12-15","80","vials","shipped","SHIP1002C","2023-04-29T09:00:00Z","UPS Healthcare","UPSFLU2102","2023-05-01","","FAC020","Evergreen Pediatrics","1200 Spruce Drive","Portland","OR","97209","USA","COOL03","refrigerated","","","80","false","2023-04-29T09:01:00Z"
"ORD00021","2023-05-01T08:20:00Z","SUP016","CurePath Therapeutics","PRD1018","Hydromorphone Injection","HDM20230501","2025-10-31","30","ampules","delivered","SHIP1018A","2023-05-02T10:00:00Z","Cardinal Health","CRDHDM030","2023-05-04","2023-05-04","FAC021","St. Joseph’s Hospital","60 Pearl Street","Boston","MA","02110","USA","CTRL02","controlled substance","2023-05-04T13:12:00Z","","0","true","2023-05-04T13:13:00Z"
"ORD00022","2023-05-05T14:41:00Z","SUP017","Sanofi-Aventis","PRD1019","Insulin Glargine Pens","IGP20230505","2025-12-31","50","pens","delivered","SHIP1019A","2023-05-06T09:00:00Z","UPS Healthcare","UPSGLG050","2023-05-08","2023-05-08","FAC022","Lakeshore Diabetes Center","301 Shoreline Ave","Cleveland","OH","44113","USA","COOL04","refrigerated","2023-05-08T15:00:00Z","","50","false","2023-05-08T15:10:00Z"
"ORD00023","2023-05-09T11:45:00Z","SUP018","Sandoz Pharmaceuticals","PRD1020","Cisplatin Injection","CIS20230509","2026-06-30","24","vials","delivered","SHIP1020A","2023-05-10T14:20:00Z","AmerisourceBergen","AMSCIS024","2023-05-13","2023-05-13","FAC023","Pacific Cancer Center","400 Pacific Avenue","San Diego","CA","92101","USA","HAZ03","hazardous","2023-05-13T11:00:00Z","","5","false","2023-05-13T11:10:00Z"
"ORD00024","2023-05-12T12:33:00Z","SUP019","Merck & Co.","PRD1021","Gardasil 9 HPV Vaccine","GARD20230512","2025-08-31","36","vials","shipped","SHIP1021A","2023-05-13T08:00:00Z","FedEx Supply Chain","FDXGARD36","2023-05-16","","FAC024","Sunrise Women's Health","850 Sunrise Blvd","Sacramento","CA","95814","USA","COOL05","refrigerated","","","36","false","2023-05-13T08:01:00Z"
"ORD00025","2023-05-14T09:39:00Z","SUP020","Baxter International","PRD1022","Ceftriaxone Sodium Injection","CEF20230514","2026-05-31","500","vials","cancelled","","","","","","","FAC025","St. Paul Medical Center","625 4th Ave","Winnipeg","MB","R3A0W3","Canada","","","","","0","true","2023-05-14T09:41:00Z"
"ORD00026","2023-05-16T10:10:00Z","SUP021","Teva Pharmaceuticals","PRD1023","Gabapentin Capsules","GABA20230516","2026-12-31","3000","capsules","delivered","SHIP1023A","2023-05-17T11:45:00Z","McKesson Medical","MCKGABA300","2023-05-19","2023-05-19","FAC026","Bergen Neurology Clinic","4 Nygaardsgaten","Bergen","NO","5008","Norway","STOR09","room temperature","2023-05-19T14:00:00Z","","3100","false","2023-05-19T15:00:00Z"
"ORD00027","2023-05-18T13:22:00Z","SUP022","Johnson & Johnson","PRD1024","Risperidone Oral Solution","RIS20230518","2026-05-31","1000","bottles","delivered","SHIP1024A","2023-05-19T16:00:00Z","Cardinal Health","CRDRIS1000","2023-05-21","2023-05-21","FAC027","St. Jude Psychiatric Center","222 Hope Street","Phoenix","AZ","85004","USA","STOR10","room temperature","2023-05-21T18:10:00Z","","1100","false","2023-05-21T18:30:00Z"
"ORD00028","2023-05-20T08:56:00Z","SUP023","Roche Diagnostics","PRD1025","Rituximab Injection","RTX20230520A","2026-06-30","10","vials","pending","","","","","","","FAC028","Silver Oak Oncology","890 Silver Oak Lane","Dallas","TX","75204","USA","","room temperature","","","0","false","2023-05-20T08:57:00Z"
"ORD00029","2023-05-23T11:13:00Z","SUP001","Global Pharma Inc.","PRD1001","Atorvastatin Calcium Tablets","ATC20230523","2026-06-30","3000","tablets","delivered","SHIP1001C","2023-05-24T13:30:00Z","DHL Express","DHL998823","2023-05-27","2023-05-27","FAC029","Las Vegas Outpatient Clinic","700 Vegas Drive","Las Vegas","NV","89106","USA","STOR11","room temperature","2023-05-27T15:40:00Z","","3120","false","2023-05-27T16:10:00Z"
"ORD00030","2023-05-26T15:16:00Z","SUP024","Hospira Healthcare","PRD1026","Midazolam Injection","MID20230526","2026-08-31","16","ampules","delivered","SHIP1026A","2023-05-27T12:00:00Z","Cardinal Health","CRDMID016","2023-05-29","2023-05-29","FAC030","Midwest Emergency Center","1600 Central Ave","St. Louis","MO","63103","USA","CTRL03","controlled substance","2023-05-29T14:30:00Z","","0","true","2023-05-29T15:00:00Z"
"ORD00031","2023-06-01T10:01:00Z","SUP025","Hexal AG","PRD1027","Perindopril Erbumine Tablets","PER20230601","2026-12-31","247","boxes","delivered","SHIP1027A","2023-06-02T09:00:00Z","DHL Express","DHLPER247","2023-06-05","2023-06-05","FAC031","Munich Heart Center","Maximilianstraße 35","Munich","BY","80333","Germany","STOR12","room temperature","2023-06-05T13:00:00Z","","255","false","2023-06-05T14:00:00Z"
"ORD00032","2023-06-04T12:17:00Z","SUP026","Sun Pharma","PRD1028","Cefepime Hydrochloride Powder","CEFEP20230604","2026-06-30","36","vials","shipped","SHIP1028A","2023-06-05T11:11:00Z","FedEx Supply Chain","FDXCEF36","2023-06-07","","FAC032","Baltimore Infectious Disease Center","199 Harbor Road","Baltimore","MD","21201","USA","STOR13","room temperature","","","36","false","2023-06-05T11:12:00Z"
"ORD00033","2023-06-08T14:00:00Z","SUP027","Ratiopharm GmbH","PRD1029","Cyclophosphamide Injection","CYC20230608","2025-12-31","24","vials","delivered","SHIP1029A","2023-06-09T09:00:00Z","DHL Express","DHLCYC024","2023-06-11","2023-06-11","FAC033","Stuttgart Oncology Clinic","Königsstraße 20","Stuttgart","BW","70173","Germany","HAZ04","hazardous","2023-06-11T15:00:00Z","","0","true","2023-06-11T16:00:00Z"
"ORD00034","2023-06-11T10:15:00Z","SUP028","Aspen Pharmacare","PRD1030","Enoxaparin Sodium Injection","ENOX20230611","2026-10-31","80","syringes","delivered","SHIP1030A","2023-06-12T11:00:00Z","FedEx Supply Chain","FDXENOX80","2023-06-14","2023-06-14","FAC034","Sun Valley Heart Center","505 Sunrise Ave","Phoenix","AZ","85016","USA","STOR14","room temperature","2023-06-14T14:00:00Z","","80","false","2023-06-14T15:00:00Z"
"ORD00035","2023-06-13T12:22:00Z","SUP029","AbbVie Biotherapeutics","PRD1031","Adalimumab Injection Pen","ADA20230613A","2026-11-30","100","pens","shipped","SHIP1031A","2023-06-14T09:00:00Z","UPS Healthcare","UPSADA100","2023-06-16","","FAC035","Green Valley Rheumatology","800 Green Valley Dr","Nashville","TN","37203","USA","COOL06","refrigerated","","","100","false","2023-06-14T09:01:00Z"
"ORD00036","2023-06-17T09:00:00Z","SUP030","Novo Nordisk","PRD1032","Semaglutide Injection","SEM20230617","2025-12-31","80","pens","delivered","SHIP1032A","2023-06-18T11:00:00Z","UPS Healthcare","UPSSEM080","2023-06-20","2023-06-20","FAC036","Vancouver Diabetes Center","300 Granville St","Vancouver","BC","V6C1S4","Canada","COOL07","refrigerated","2023-06-20T15:00:00Z","","80","false","2023-06-20T16:10:00Z"
"ORD00037","2023-06-20T08:44:00Z","SUP031","Amgen Inc.","PRD1033","Filgrastim Injection","FIL20230620A","2026-10-31","24","vials","shipped","SHIP1033A","2023-06-21T10:00:00Z","FedEx Supply Chain","FDXFIL024","2023-06-23","","FAC037","St. Luke Oncology","2900 St. Luke Ave","Indianapolis","IN","46202","USA","STOR15","room temperature","","","24","false","2023-06-21T10:01:00Z"
"ORD00038","2023-06-21T13:33:00Z","SUP032","Boehringer Ingelheim","PRD1034","Dabigatran Etexilate Capsules","DABI20230621","2026-12-31","5000","capsules","delivered","SHIP1034A","2023-06-22T09:00:00Z","DHL Express","DHLDABI500","2023-06-25","2023-06-25","FAC038","Frankfurt Cardiology Center","Zeil 112","Frankfurt","HE","60313","Germany","STOR16","room temperature","2023-06-25T14:00:00Z","","5100","false","2023-06-25T15:00:00Z"
"ORD00039","2023-06-25T15:44:00Z","SUP033","Fresenius Kabi","PRD1035","Propofol Injectable Emulsion","PROPO20230625","2026-10-31","100","vials","delivered","SHIP1035A","2023-06-26T10:00:00Z","McKesson Medical","MCKPROPO10","2023-06-28","2023-06-28","FAC039","North Bay Surgical Center","1900 Bay Street","San Jose","CA","95112","USA","STOR17","room temperature","2023-06-28T14:00:00Z","","105","false","2023-06-28T14:30:00Z"
"ORD00040","2023-06-29T11:00:00Z","SUP034","Genentech","PRD1036","Bevacizumab Injection","BEVA20230629","2026-09-30","24","vials","pending","","","","","","","FAC040","New Hope Oncology","160 Hope Ave","Boston","MA","02114","USA","","room temperature","","","0","false","2023-06-29T11:01:00Z"
"ORD00041","2023-06-30T13:42:00Z","SUP035","Sandoz Pharmaceuticals","PRD1037","Methadone Hydrochloride Solution","METH20230630","2026-10-31","80","bottles","delivered","SHIP1037A","2023-07-01T09:00:00Z","McKesson Medical","MCKMETH80","2023-07-03","2023-07-03","FAC041","Eastside Addiction Center","730 Eastside Drive","Atlanta","GA","30303","USA","CTRL04","controlled substance","2023-07-03T13:00:00Z","","80","false","2023-07-03T13:30:00Z"
"ORD00042","2023-07-03T10:24:00Z","SUP036","Eli Lilly Canada","PRD1038","Trulicity Injection Pen","TRU20230703A","2026-12-31","50","pens","shipped","SHIP1038A","2023-07-04T11:10:00Z","UPS Healthcare","UPSTRU050","2023-07-06","","FAC042","Toronto Endocrine Center","150 Bloor St W","Toronto","ON","M5S2V6","Canada","COOL08","refrigerated","","","50","false","2023-07-04T11:11:00Z"
"ORD00043","2023-07-06T08:40:00Z","SUP037","Novartis Pharmaceuticals","PRD1039","Imatinib Mesylate Tablets","IMA20230706","2026-12-31","200","tablets","delivered","SHIP1039A","2023-07-07T09:00:00Z","FedEx Supply Chain","FDXIMA200","2023-07-09","2023-07-09","FAC043","Bay Area Oncology","4100 Mission St","San Francisco","CA","94112","USA","STOR18","room temperature","2023-07-09T13:00:00Z","","210","false","2023-07-09T13:22:00Z"
"ORD00044","2023-07-09T14:21:00Z","SUP038","AstraZeneca Pharma","PRD1040","Ticagrelor Tablets","TICA20230709","2026-08-31","600","tablets","delivered","SHIP1040A","2023-07-10T09:00:00Z","UPS Healthcare","UPSTICA600","2023-07-12","2023-07-12","FAC044","Summit Cardiology","160 Summit Ave","Seattle","WA","98109","USA","STOR19","room temperature","2023-07-12T14:00:00Z","","610","false","2023-07-12T14:30:00Z"
"ORD00045","2023-07-11T09:10:00Z","SUP039","Gilead Sciences","PRD1041","Remdesivir Injection","REM20230711","2026-12-31","36","vials","delivered","SHIP1041A","2023-07-12T10:00:00Z","FedEx Supply Chain","FDXREM036","2023-07-14","2023-07-14","FAC045","Lone Star Infectious Disease","8300 Lone Star Pkwy","Dallas","TX","75212","USA","STOR20","room temperature","2023-07-14T15:00:00Z","","38","false","2023-07-14T15:40:00Z"
"ORD00046","2023-07-13T13:11:00Z","SUP040","Pfizer Inc.","PRD1042","Palbociclib Capsules","PALBO20230713","2026-12-31","80","capsules","shipped","SHIP1042A","2023-07-14T09:00:00Z","DHL Express","DHLPALBO80","2023-07-16","","FAC046","Great Lakes Oncology","2700 Lakeside Ave","Cleveland","OH","44114","USA","STOR21","room temperature","","","80","false","2023-07-14T09:01:00Z"
"ORD00047","2023-07-15T16:25:00Z","SUP041","Roche Diagnostics","PRD1043","Tocilizumab Injection","TOCI20230715","2026-09-30","24","vials","pending","","","","","","","FAC047","Springfield Rheumatology","4500 Main St","Springfield","MO","65807","USA","","room temperature","","","0","false","2023-07-15T16:26:00Z"
"ORD00048","2023-07-18T09:30:00Z","SUP042","Bristol Myers Squibb","PRD1044","Abatacept Injection","ABA20230718","2026-08-31","24","vials","delivered","SHIP1044A","2023-07-19T10:00:00Z","AmerisourceBergen","AMSABA024","2023-07-21","2023-07-21","FAC048","Rocky Mountain Arthritis Center","3000 Alpine Rd","Boulder","CO","80301","USA","STOR22","room temperature","2023-07-21T15:00:00Z","","25","false","2023-07-21T15:30:00Z"
"ORD00049","2023-07-19T15:11:00Z","SUP043","Takeda Pharmaceuticals","PRD1045","Lenvatinib Capsules","LENVA20230719","2026-07-31","24","capsules","pending","","","","","","","FAC049","Shoreline Oncology","1800 Bayside Ave","San Diego","CA","92103","USA","","room temperature","","","0","false","2023-07-19T15:12:00Z"
"ORD00050","2023-07-22T11:20:00Z","SUP044","Novo Nordisk","PRD1046","Insulin Aspart Pen","INASP20230722","2026-10-31","50","pens","shipped","SHIP1046A","2023-07-23T12:00:00Z","UPS Healthcare","UPSINASP50","2023-07-25","","FAC050","Bayview Diabetes Center","801 Bayview Ave","Toronto","ON","M4G3E8","Canada","COOL09","refrigerated","","","50","false","2023-07-23T12:01:00Z"
"ORD02001","2023-07-12T10:18:00Z","SUP203","NorthStar Pharmaceuticals","PRD4021","Amoxicillin 500mg Capsules","AMOX20230712","2025-07-31","2500","capsules","delivered","SHIP402121","2023-07-13T08:10:00Z","FedEx Health","FDX20230713A","2023-07-14","2023-07-14","FAC302","Horizon Medical Center","99 Oakridge Dr","Houston","TX","77030","USA","STOR102","room temperature","2023-07-14T14:05:00Z","","2750","false","2023-07-15T09:00:00Z"
"ORD02002","2023-07-13T15:55:00Z","SUP208","EverWell Pharma Inc","PRD3381","Influenza Vaccine Quadrivalent","FLUV20230713B","2024-10-31","60","vials","shipped","SHIP338108","2023-07-14T09:10:00Z","Amerisource Bergen","AMB20230714Q","2023-07-16","","FAC321","Bay Area Community Health","1234 Elm St","San Jose","CA","95116","USA","COOL207","refrigerated","","","60","false","2023-07-14T15:00:00Z"
"ORD02003","2023-07-14T09:25:00Z","SUP204","Medline Solutions","PRD1022","Acetaminophen 325mg Tablets","ACET20230714","2026-01-31","5000","tablets","delivered","SHIP102224","2023-07-15T07:55:00Z","UPS Healthcare","UPS20230715N","2023-07-17","2023-07-17","FAC350","Eastview Hospital","800 Main St","Tampa","FL","33609","USA","STOR201","room temperature","2023-07-17T11:10:00Z","","5400","false","2023-07-17T12:00:00Z"
"ORD02004","2023-07-14T15:44:00Z","SUP207","BluePeak Biologics","PRD2213","Insulin Glargine U-100","INSGL20230714","2024-12-31","24","pens","pending","","","","","","","FAC390","Sunrise Family Clinic","99 Sunrise Ave","Phoenix","AZ","85016","USA","","refrigerated","","","24","false","2023-07-14T19:30:00Z"
"ORD02005","2023-07-15T07:10:00Z","SUP212","PharmaNova","PRD7311","Oxycodone HCl 10mg","OXY20230715B","2025-08-30","18","tablets","delivered","SHIP731112","2023-07-16T08:05:00Z","Cardinal Health","CDH20230716O","2023-07-17","2023-07-17","FAC312","Westside Pharmacy","1425 Lakeview Blvd","Las Vegas","NV","89169","USA","CTRL301","controlled substance","2023-07-17T09:30:00Z","","18","false","2023-07-17T10:00:00Z"
"ORD02006","2023-07-15T15:08:00Z","SUP217","Unity Biomed Corp","PRD5012","Albuterol Inhalation Solution","ALB20230715A","2026-06-30","10000","ampules","delivered","SHIP501217","2023-07-16T12:00:00Z","DHL Medical","DHL20230716B","2023-07-18","2023-07-18","FAC388","St. Michael's Hospital","612 Grand Ave","Seattle","WA","98104","USA","STOR455","room temperature","2023-07-18T15:30:00Z","","10000","false","2023-07-19T09:00:00Z"
"ORD02007","2023-07-16T11:22:00Z","SUP211","Pharmaconex LLC","PRD4425","Daptomycin Injection 500mg","DAPT20230716","2025-11-30","50","vials","shipped","SHIP442511","2023-07-17T07:00:00Z","FedEx Health","FDX20230717D","2023-07-19","","FAC302","Horizon Medical Center","99 Oakridge Dr","Houston","TX","77030","USA","COOL102","refrigerated","","","50","false","2023-07-17T09:30:00Z"
"ORD02008","2023-07-17T10:55:00Z","SUP209","CureGenix","PRD9720","Methotrexate Injection","MTX20230717A","2026-02-28","16","vials","delivered","SHIP972009","2023-07-18T10:00:00Z","UPS Healthcare","UPS20230718M","2023-07-20","2023-07-19","FAC410","Cypress Oncology Clinic","1185 Cypress Rd","Dallas","TX","75231","USA","HAZ101","hazardous","2023-07-19T13:00:00Z","","0","true","2023-07-20T09:00:00Z"
"ORD02009","2023-07-18T13:00:00Z","SUP207","BluePeak Biologics","PRD3382","Influenza Vaccine Trivalent","FLUT20230718","2024-11-15","80","vials","pending","","","","","","","FAC375","Lakeside Medical Center","501 Lakeshore Dr","Orlando","FL","32806","USA","","refrigerated","","","80","false","2023-07-18T17:00:00Z"
"ORD02010","2023-07-19T08:30:00Z","SUP203","NorthStar Pharmaceuticals","PRD2912","Metformin 850mg Tablets","METF20230719","2026-07-31","10000","tablets","delivered","SHIP291203","2023-07-20T09:10:00Z","Cardinal Health","CDH20230720M","2023-07-21","2023-07-21","FAC402","Riverbend Hospital","1844 River Rd","Columbus","OH","43210","USA","MAIN302","room temperature","2023-07-21T13:15:00Z","","10800","false","2023-07-22T09:00:00Z"
"ORD02011","2023-07-19T14:40:00Z","SUP211","Pharmaconex LLC","PRD1219","Morphine Sulfate 15mg","MS20230719A","2026-02-28","36","tablets","delivered","SHIP121911","2023-07-20T12:10:00Z","UPS Healthcare","UPS20230720S","2023-07-22","2023-07-22","FAC394","Midtown Pain Clinic","8601 12th Ave","Denver","CO","80220","USA","CTRL228","controlled substance","2023-07-22T14:00:00Z","","0","true","2023-07-23T09:00:00Z"
"ORD02012","2023-07-20T08:15:00Z","SUP204","Medline Solutions","PRD4022","Amoxicillin 250mg Capsules","AMOX20230720","2026-01-31","3000","capsules","shipped","SHIP402220","2023-07-21T09:00:00Z","FedEx Health","FDX20230721A","2023-07-23","","FAC405","Downtown Health Center","222 Main Ave","Indianapolis","IN","46202","USA","STOR402","room temperature","","","3000","false","2023-07-21T10:00:00Z"
"ORD02013","2023-07-20T15:35:00Z","SUP209","CureGenix","PRD6010","Hydroxyurea Capsules 500mg","HYD20230720B","2026-07-15","80","capsules","pending","","","","","","","FAC428","Green Valley Clinic","53 Greenway Rd","Austin","TX","78751","USA","","room temperature","","","80","false","2023-07-20T16:00:00Z"
"ORD02014","2023-07-21T08:05:00Z","SUP217","Unity Biomed Corp","PRD8001","Human Insulin Injection","HINS20230721","2025-10-31","100","vials","pending","","","","","","","FAC499","Hopewell Family Health","12 Hopewell Dr","Charlotte","NC","28204","USA","","refrigerated","","","100","false","2023-07-21T09:30:00Z"
"ORD02015","2023-07-21T15:19:00Z","SUP215","Summit Pharmaceuticals","PRD5402","Dexamethasone Injection","DEX20230721A","2025-11-30","10","ampules","delivered","SHIP540215","2023-07-22T10:00:00Z","Amerisource Bergen","AMB20230722D","2023-07-24","2023-07-24","FAC326","Valley Regional Hospital","900 Valley Rd","Albuquerque","NM","87106","USA","FZR204","frozen","2023-07-24T14:30:00Z","","0","true","2023-07-25T09:00:00Z"
"ORD02016","2023-07-22T07:30:00Z","SUP212","PharmaNova","PRD1030","Atenolol 50mg Tablets","ATEN20230722","2025-09-30","500","tablets","pending","","","","","","","FAC468","Fulton Health Services","600 Fulton St","Atlanta","GA","30312","USA","","room temperature","","","500","false","2023-07-22T09:00:00Z"
"ORD02017","2023-07-22T16:50:00Z","SUP218","Lexicon Pharma","PRD1354","Naloxone Injection","NAL20230722C","2024-08-31","36","ampules","delivered","SHIP135418","2023-07-23T08:45:00Z","FedEx Health","FDX20230723L","2023-07-25","2023-07-25","FAC371","Lincoln Recovery Center","211 Lincoln Ave","Boston","MA","02118","USA","STOR371","room temperature","2023-07-25T13:00:00Z","","36","false","2023-07-25T14:00:00Z"
"ORD02018","2023-07-23T09:10:00Z","SUP215","Summit Pharmaceuticals","PRD7309","Ibuprofen 200mg Tablets","IBUP20230723","2025-11-30","4000","tablets","delivered","SHIP730915","2023-07-24T08:30:00Z","Amerisource Bergen","AMB20230724I","2023-07-26","2023-07-26","FAC442","Southpoint Pharmacy","700 South Rd","Miami","FL","33136","USA","MAIN442","room temperature","2023-07-26T14:15:00Z","","4400","false","2023-07-26T16:00:00Z"
"ORD02019","2023-07-23T16:12:00Z","SUP211","Pharmaconex LLC","PRD2101","Ceftriaxone 1g Injection","CEF20230723A","2025-10-31","36","vials","shipped","SHIP210111","2023-07-24T10:20:00Z","UPS Healthcare","UPS20230724C","2023-07-27","","FAC455","Westgate Health Center","1600 Westgate Ave","Los Angeles","CA","90025","USA","COOL125","refrigerated","","","36","false","2023-07-24T12:00:00Z"
"ORD02020","2023-07-24T09:45:00Z","SUP208","EverWell Pharma Inc","PRD3405","Varicella Vaccine","VAR20230724B","2024-09-30","50","doses","shipped","SHIP340508","2023-07-25T09:30:00Z","DHL Medical","DHL20230725V","2023-07-27","","FAC471","Central Pediatrics","400 Center Rd","Kansas City","MO","64108","USA","COOL471","refrigerated","","","50","false","2023-07-25T10:00:00Z"
"ORD02021","2023-07-24T16:30:00Z","SUP218","Lexicon Pharma","PRD2403","Doxorubicin Hydrochloride","DOX20230724C","2025-10-31","12","vials","delivered","SHIP240318","2023-07-25T10:15:00Z","FedEx Health","FDX20230725D","2023-07-28","2023-07-28","FAC489","St. Francis Cancer Center","800 Francis Dr","Chicago","IL","60612","USA","HAZ109","hazardous","2023-07-28T12:45:00Z","","12","false","2023-07-29T09:00:00Z"
"ORD02022","2023-07-25T08:19:00Z","SUP210","Sterling Pharma","PRD5101","Azithromycin 250mg Tablets","AZI20230725","2025-12-31","500","tablets","pending","","","","","","","FAC417","Sterling Urgent Care","55 Sterling Ave","Salt Lake City","UT","84102","USA","","room temperature","","","500","false","2023-07-25T10:00:00Z"
"ORD02023","2023-07-25T17:04:00Z","SUP219","TheraPlus Labs","PRD4920","Methadone HCl Solution","METD20230725","2026-01-31","24","bottles","delivered","SHIP492019","2023-07-26T09:45:00Z","DHL Medical","DHL20230726M","2023-07-29","2023-07-29","FAC462","Lakeshore Recovery Center","67 Lakeshore Dr","Minneapolis","MN","55417","USA","CTRL462","controlled substance","2023-07-29T14:00:00Z","","24","false","2023-07-29T15:00:00Z"
"ORD02024","2023-07-26T09:10:00Z","SUP220","PrimeMed Ltd","PRD8902","Omeprazole 20mg Capsules","OME20230726B","2026-08-31","600","capsules","delivered","SHIP890220","2023-07-27T10:00:00Z","UPS Healthcare","UPS20230727O","2023-07-29","2023-07-29","FAC479","PrimeMed Outpatient Center","78 Prime Rd","Pittsburgh","PA","15213","USA","STOR479","room temperature","2023-07-29T13:40:00Z","","600","false","2023-07-30T09:00:00Z"
"ORD02025","2023-07-26T16:25:00Z","SUP207","BluePeak Biologics","PRD3383","Rabies Vaccine","RAB20230726A","2024-12-31","36","vials","shipped","SHIP338307","2023-07-27T12:10:00Z","FedEx Health","FDX20230727R","2023-07-30","","FAC398","Oakwood Animal Hospital","300 Oak Ave","Cincinnati","OH","45219","USA","COOL398","refrigerated","","","36","false","2023-07-27T13:00:00Z"
"ORD02026","2023-07-27T09:45:00Z","SUP215","Summit Pharmaceuticals","PRD7308","Ibuprofen 400mg Tablets","IBUP20230727","2026-01-31","10000","tablets","delivered","SHIP730815","2023-07-28T08:30:00Z","Amerisource Bergen","AMB20230728I","2023-07-30","2023-07-30","FAC430","Westfield General Hospital","300 Westfield Blvd","San Antonio","TX","78229","USA","MAIN430","room temperature","2023-07-30T13:45:00Z","","11000","false","2023-07-31T09:00:00Z"
"ORD02027","2023-07-27T16:21:00Z","SUP203","NorthStar Pharmaceuticals","PRD4023","Amoxicillin 875mg Tablets","AMOX20230727","2026-02-28","200","tablets","pending","","","","","","","FAC402","Riverbend Hospital","1844 River Rd","Columbus","OH","43210","USA","","room temperature","","","200","false","2023-07-27T17:00:00Z"
"ORD02028","2023-07-28T08:12:00Z","SUP221","GlobalMed Supplies","PRD1206","Paracetamol 500mg Tablets","PARA20230728","2026-08-31","1000","tablets","delivered","SHIP120621","2023-07-29T09:15:00Z","FedEx Health","FDX20230729P","2023-07-31","2023-07-31","FAC470","GlobalMed Clinic","55 International Ave","Toronto","ON","M5G2C3","Canada","STOR470","room temperature","2023-07-31T12:00:00Z","","1050","false","2023-08-01T09:00:00Z"
"ORD02029","2023-07-28T16:44:00Z","SUP219","TheraPlus Labs","PRD4512","Rituximab Injection","RIT20230728A","2025-09-30","12","vials","shipped","SHIP451219","2023-07-29T11:20:00Z","UPS Healthcare","UPS20230729R","2023-08-01","","FAC475","St. Luke's Oncology","88 Oncology Rd","Vancouver","BC","V5Z1M9","Canada","COOL475","refrigerated","","","12","false","2023-07-29T14:00:00Z"
"ORD02030","2023-07-29T09:35:00Z","SUP204","Medline Solutions","PRD6011","Hydroxyurea Capsules 250mg","HYD20230729A","2026-08-15","24","capsules","cancelled","","","","","","","FAC428","Green Valley Clinic","53 Greenway Rd","Austin","TX","78751","USA","","","","","0","true","2023-07-29T10:00:00Z"
"ORD02031","2023-07-29T15:50:00Z","SUP220","PrimeMed Ltd","PRD8903","Pantoprazole 40mg Tablets","PAN20230729B","2026-09-30","3000","tablets","delivered","SHIP890320","2023-07-30T09:00:00Z","FedEx Health","FDX20230730P","2023-08-02","2023-08-02","FAC479","PrimeMed Outpatient Center","78 Prime Rd","Pittsburgh","PA","15213","USA","STOR479","room temperature","2023-08-02T13:00:00Z","","3300","false","2023-08-02T15:00:00Z"
"ORD02032","2023-07-30T08:00:00Z","SUP210","Sterling Pharma","PRD5102","Azithromycin 500mg Tablets","AZI20230730","2025-12-31","500","tablets","pending","","","","","","","FAC417","Sterling Urgent Care","55 Sterling Ave","Salt Lake City","UT","84102","USA","","room temperature","","","500","false","2023-07-30T10:00:00Z"
"ORD02033","2023-07-30T15:45:00Z","SUP221","GlobalMed Supplies","PRD1207","Paracetamol 250mg Tablets","PARA20230730","2026-08-31","247","tablets","shipped","SHIP120721","2023-07-31T09:30:00Z","UPS Healthcare","UPS20230731P","2023-08-03","","FAC470","GlobalMed Clinic","55 International Ave","Toronto","ON","M5G2C3","Canada","STOR470","room temperature","","","247","false","2023-07-31T12:00:00Z"
"ORD02034","2023-07-31T08:22:00Z","SUP212","PharmaNova","PRD1031","Atenolol 100mg Tablets","ATEN20230731","2026-02-28","500","tablets","delivered","SHIP103112","2023-08-01T09:30:00Z","Cardinal Health","CDH20230801A","2023-08-04","2023-08-04","FAC468","Fulton Health Services","600 Fulton St","Atlanta","GA","30312","USA","STOR468","room temperature","2023-08-04T13:00:00Z","","550","false","2023-08-04T15:00:00Z"
"ORD02035","2023-07-31T16:50:00Z","SUP217","Unity Biomed Corp","PRD5013","Levalbuterol Inhalation Solution","LEVB20230731","2026-08-31","10000","ampules","delivered","SHIP501317","2023-08-01T11:00:00Z","DHL Medical","DHL20230801L","2023-08-05","2023-08-05","FAC388","St. Michael's Hospital","612 Grand Ave","Seattle","WA","98104","USA","STOR455","room temperature","2023-08-05T15:00:00Z","","10500","false","2023-08-05T17:00:00Z"
"ORD02036","2023-08-01T08:35:00Z","SUP211","Pharmaconex LLC","PRD2102","Ceftriaxone 2g Injection","CEF20230801B","2026-03-31","80","vials","pending","","","","","","","FAC455","Westgate Health Center","1600 Westgate Ave","Los Angeles","CA","90025","USA","","refrigerated","","","80","false","2023-08-01T10:00:00Z"
"ORD02037","2023-08-01T16:57:00Z","SUP207","BluePeak Biologics","PRD3384","Influenza Vaccine Live","FLUL20230801","2025-12-31","50","doses","shipped","SHIP338407","2023-08-02T09:45:00Z","Amerisource Bergen","AMB20230802F","2023-08-06","","FAC390","Sunrise Family Clinic","99 Sunrise Ave","Phoenix","AZ","85016","USA","COOL207","refrigerated","","","50","false","2023-08-02T10:00:00Z"
"ORD02038","2023-08-02T08:10:00Z","SUP218","Lexicon Pharma","PRD2404","Vincristine Sulfate Injection","VIN20230802B","2026-04-30","10","vials","delivered","SHIP240418","2023-08-03T09:15:00Z","FedEx Health","FDX20230803V","2023-08-07","2023-08-07","FAC489","St. Francis Cancer Center","800 Francis Dr","Chicago","IL","60612","USA","HAZ109","hazardous","2023-08-07T13:00:00Z","","10","false","2023-08-07T14:00:00Z"
"ORD02039","2023-08-02T16:11:00Z","SUP221","GlobalMed Supplies","PRD1208","Paracetamol 125mg Tablets","PARA20230802","2026-09-30","247","tablets","delivered","SHIP120821","2023-08-03T10:00:00Z","Cardinal Health","CDH20230803P","2023-08-08","2023-08-08","FAC470","GlobalMed Clinic","55 International Ave","Toronto","ON","M5G2C3","Canada","STOR470","room temperature","2023-08-08T12:00:00Z","","270","false","2023-08-08T14:00:00Z"
"ORD02040","2023-08-03T08:30:00Z","SUP220","PrimeMed Ltd","PRD8904","Lansoprazole 30mg Capsules","LAN20230803A","2026-10-31","1000","capsules","delivered","SHIP890420","2023-08-04T09:00:00Z","UPS Healthcare","UPS20230804L","2023-08-09","2023-08-09","FAC479","PrimeMed Outpatient Center","78 Prime Rd","Pittsburgh","PA","15213","USA","STOR479","room temperature","2023-08-09T13:00:00Z","","1050","false","2023-08-09T15:00:00Z"
"ORD02041","2023-08-03T16:40:00Z","SUP222","NordicMed GmbH","PRD9001","Simvastatin 20mg Tablets","SIMV20230803","2026-11-30","6000","tablets","delivered","SHIP900122","2023-08-04T10:00:00Z","DHL Medical","DHL20230804S","2023-08-10","2023-08-10","FAC510","NordicMed Clinic Oslo","45 Oslo Gate","Oslo","OS","0150","Norway","MAIN510","room temperature","2023-08-10T15:00:00Z","","6000","false","2023-08-10T17:00:00Z"
"ORD02042","2023-08-04T08:40:00Z","SUP219","TheraPlus Labs","PRD4921","Methadone HCl 10mg Tablets","METD20230804","2026-02-28","24","tablets","cancelled","","","","","","","FAC462","Lakeshore Recovery Center","67 Lakeshore Dr","Minneapolis","MN","55417","USA","","","","","0","true","2023-08-04T10:00:00Z"
"ORD02043","2023-08-04T16:30:00Z","SUP222","NordicMed GmbH","PRD9002","Simvastatin 40mg Tablets","SIMV20230804","2026-12-31","6000","tablets","delivered","SHIP900222","2023-08-05T10:00:00Z","DHL Medical","DHL20230805S","2023-08-11","2023-08-11","FAC510","NordicMed Clinic Oslo","45 Oslo Gate","Oslo","OS","0150","Norway","MAIN510","room temperature","2023-08-11T15:00:00Z","","6000","false","2023-08-11T17:00:00Z"
"ORD02044","2023-08-05T08:25:00Z","SUP221","GlobalMed Supplies","PRD1209","Paracetamol 80mg Tablets","PARA20230805","2026-10-31","200","tablets","pending","","","","","","","FAC470","GlobalMed Clinic","55 International Ave","Toronto","ON","M5G2C3","Canada","","room temperature","","","200","false","2023-08-05T10:00:00Z"
"ORD02045","2023-08-05T15:10:00Z","SUP222","NordicMed GmbH","PRD9003","Simvastatin 80mg Tablets","SIMV20230805","2027-01-31","10000","tablets","delivered","SHIP900322","2023-08-06T10:00:00Z","DHL Medical","DHL20230806S","2023-08-12","2023-08-12","FAC510","NordicMed Clinic Oslo","45 Oslo Gate","Oslo","OS","0150","Norway","MAIN510","room temperature","2023-08-12T15:00:00Z","","9900","false","2023-08-12T17:00:00Z"
"ORD02046","2023-08-06T09:30:00Z","SUP223","BerlinBio GmbH","PRD1001","Pfizer COVID-19 Vaccine","PZC20230806","2025-11-30","80","vials","shipped","SHIP100123","2023-08-07T09:00:00Z","DHL Medical","DHL20230807C","2023-08-13","","FAC520","Charité Campus Berlin","101 Charitéplatz","Berlin","BE","10117","Germany","COOL520","refrigerated","","","80","false","2023-08-07T10:00:00Z"
"ORD02047","2023-08-06T17:20:00Z","SUP223","BerlinBio GmbH","PRD1002","AstraZeneca COVID-19 Vaccine","AZC20230806","2025-12-31","100","vials","pending","","","","","","","FAC520","Charité Campus Berlin","101 Charitéplatz","Berlin","BE","10117","Germany","","refrigerated","","","100","false","2023-08-06T19:00:00Z"
"ORD02048","2023-08-07T09:00:00Z","SUP220","PrimeMed Ltd","PRD8905","Esomeprazole 40mg Tablets","ESO20230807A","2027-01-31","3000","tablets","delivered","SHIP890520","2023-08-08T09:00:00Z","FedEx Health","FDX20230808E","2023-08-14","2023-08-14","FAC479","PrimeMed Outpatient Center","78 Prime Rd","Pittsburgh","PA","15213","USA","STOR479","room temperature","2023-08-14T13:00:00Z","","3100","false","2023-08-14T15:00:00Z"
"ORD02049","2023-08-07T15:15:00Z","SUP221","GlobalMed Supplies","PRD1210","Paracetamol 62.5mg Tablets","PARA20230807","2026-11-30","200","tablets","delivered","SHIP121021","2023-08-08T10:00:00Z","Amerisource Bergen","AMB20230808P","2023-08-15","2023-08-15","FAC470","GlobalMed Clinic","55 International Ave","Toronto","ON","M5G2C3","Canada","STOR470","room temperature","2023-08-15T12:00:00Z","","210","false","2023-08-15T14:00:00Z"
"ORD02050","2023-08-08T09:55:00Z","SUP223","BerlinBio GmbH","PRD1003","Moderna COVID-19 Vaccine","MODC20230808","2026-02-28","80","vials","shipped","SHIP100323","2023-08-09T09:00:00Z","DHL Medical","DHL20230809M","2023-08-16","","FAC520","Charité Campus Berlin","101 Charitéplatz","Berlin","BE","10117","Germany","COOL520","refrigerated","","","80","false","2023-08-09T10:00:00Z"
"ORD01050","2023-11-03T10:21:00","SUP785","Everest Pharma Inc.","PRD2035","Ibuprofen 400mg Tablets","IBUP20231103A","2025-11-03","8000","tablets","delivered","SHIP2035A1","2023-11-05T12:35:00","FedEx Health","FDX230110","2023-11-08","2023-11-08","FAC310","Mercy General Hospital","2345 Pine Ave","Portland","OR","97213","USA","STOR1A","room temperature","2023-11-08T15:10:00","","8650","false","2023-11-08T17:25:00"
"ORD01051","2023-11-04T09:50:00","SUP792","BlueCrest Medical","PRD1844","Amoxicillin 500mg Capsules","AMOX202311C","2026-01-30","5000","capsules","shipped","SHIP1844B1","2023-11-06T14:00:00","DHL Medical","DHLX3128","2023-11-09","","FAC321","Southlake Clinic","9876 Elm St","Cleveland","OH","44113","USA","STOR2B","room temperature","","","5000","false","2023-11-06T16:35:00"
"ORD01052","2023-11-05T11:13:00","SUP803","WellPath Distribution","PRD3091","Influenza Vaccine Quadrivalent","FLUVAC2305B","2025-03-24","80","vials","pending","","","","","","","FAC345","Seattle Public Health Center","412 Cedar St","Seattle","WA","98104","USA","","refrigerated","","","80","false","2023-11-05T11:15:00"
"ORD01053","2023-11-06T13:40:00","SUP785","Everest Pharma Inc.","PRD3125","Hydromorphone 2mg/ml Injection","HYDRO231106","2026-05-09","24","ampules","delivered","SHIP3125J2","2023-11-07T14:10:00","UPS Health","UPS3125J","2023-11-10","2023-11-09","FAC357","Baptist Medical Center","55 Oak Lane","Dallas","TX","75219","USA","CTRL1A","controlled substance","2023-11-09T16:05:00","","24","false","2023-11-09T17:50:00"
"ORD01054","2023-11-07T08:22:00","SUP792","BlueCrest Medical","PRD2740","Glucose Test Strips 50ct","GLUC231107B","2025-11-09","200","boxes","pending","","","","","","","FAC370","Cambridge Pharmacy","25 Main Street","Cambridge","MA","02139","USA","","room temperature","","","200","false","2023-11-07T08:24:00"
"ORD01055","2023-11-08T15:32:00","SUP820","Polaris Rx Supply","PRD2981","Methotrexate 2.5mg Tablets","METH231108C","2026-12-10","1200","tablets","delivered","SHIP2981K3","2023-11-10T12:40:00","FedEx Health","FDX2981K","2023-11-13","2023-11-13","FAC383","East Valley Oncology Center","3500 Willow Dr","Scottsdale","AZ","85251","USA","HAZ1C","hazardous","2023-11-13T16:15:00","","1200","false","2023-11-13T17:40:00"
"ORD01056","2023-11-09T10:12:00","SUP808","Sierra Biologics","PRD3228","Adalimumab 40mg/0.8mL Pen","ADA231109D","2026-02-21","36","pens","shipped","SHIP3228D1","2023-11-10T16:50:00","UPS Health","UPS3228D","2023-11-14","","FAC397","Midtown Rheumatology Clinic","401 Center Blvd","Austin","TX","78701","USA","COOL2B","refrigerated","","","36","false","2023-11-10T17:02:00"
"ORD01057","2023-11-10T11:45:00","SUP811","Axis Pharma","PRD3112","Morphine Sulfate 10mg/ml","MORPH231110","2025-12-01","50","vials","delivered","SHIP3112B2","2023-11-11T09:40:00","Cardinal Courier","CRD3112B","2023-11-14","2023-11-14","FAC409","Mount Sinai Medical Center","77 Riverside Dr","New York","NY","10024","USA","CTRL2B","controlled substance","2023-11-14T13:00:00","","50","false","2023-11-14T14:22:00"
"ORD01058","2023-11-11T14:18:00","SUP820","Polaris Rx Supply","PRD2044","Simvastatin 20mg Tablets","SIMV231111A","2026-02-17","10000","tablets","delivered","SHIP2044F1","2023-11-12T12:20:00","FedEx Health","FDX2044F","2023-11-15","2023-11-15","FAC423","Northlake Health System","842 Greenway St","Minneapolis","MN","55417","USA","STOR3D","room temperature","2023-11-15T15:40:00","","10600","false","2023-11-15T18:08:00"
"ORD01059","2023-11-13T08:29:00","SUP792","BlueCrest Medical","PRD3107","Trastuzumab 150mg Vials","TRA231113B","2026-04-30","24","vials","pending","","","","","","","FAC437","St. Joseph Oncology Unit","1800 Cancer Way","San Jose","CA","95128","USA","","refrigerated","","","24","false","2023-11-13T08:32:00"
"ORD01060","2023-11-13T15:43:00","SUP835","Delta Healthcare","PRD3238","Palbociclib 125mg Capsules","PALB231113C","2025-12-04","600","capsules","shipped","SHIP3238K4","2023-11-14T10:10:00","UPS Health","UPS3238K","2023-11-17","","FAC450","Pacific Women's Oncology","2912 Harbor Rd","San Diego","CA","92101","USA","STOR4A","room temperature","","","600","false","2023-11-14T10:14:00"
"ORD01061","2023-11-14T11:10:00","SUP803","WellPath Distribution","PRD3173","Tetanus-Diphtheria Vaccine","TETDIP231114","2025-11-17","48","vials","delivered","SHIP3173L1","2023-11-15T09:30:00","DHL Medical","DHLX3173","2023-11-18","2023-11-18","FAC461","Greenfield Community Clinic","4567 Forest Ln","Greenfield","IN","46140","USA","COOL3C","refrigerated","2023-11-18T11:15:00","","48","false","2023-11-18T12:40:00"
"ORD01062","2023-11-15T09:11:00","SUP820","Polaris Rx Supply","PRD2035","Ibuprofen 400mg Tablets","IBUP202311C","2026-01-10","3000","tablets","delivered","SHIP2035A3","2023-11-16T12:00:00","FedEx Health","FDX2035C","2023-11-19","2023-11-19","FAC472","Western Family Practice","1221 Maple St","Boise","ID","83702","USA","STOR5C","room temperature","2023-11-19T15:30:00","","3300","false","2023-11-19T18:05:00"
"ORD01063","2023-11-16T08:44:00","SUP811","Axis Pharma","PRD3199","Epinephrine Auto-Injector 0.3mg","EPI231116D","2026-01-24","80","auto-injectors","shipped","SHIP3199M1","2023-11-17T10:20:00","Cardinal Courier","CRD3199M","2023-11-20","","FAC485","Riverside Pediatrics","89 Lakeshore Dr","Jacksonville","FL","32204","USA","STOR6D","room temperature","","","80","false","2023-11-17T11:58:00"
"ORD01064","2023-11-17T13:15:00","SUP835","Delta Healthcare","PRD3306","Cisplatin 1mg/ml Solution","CISPL231117","2025-12-29","36","vials","delivered","SHIP3306N1","2023-11-18T14:05:00","DHL Medical","DHLX3306","2023-11-21","2023-11-21","FAC491","St. Michael Cancer Center","200 Oncology Way","Denver","CO","80218","USA","HAZ2B","hazardous","2023-11-21T15:10:00","","0","true","2023-11-21T16:59:00"
"ORD01065","2023-11-18T11:37:00","SUP803","WellPath Distribution","PRD3228","Adalimumab 40mg/0.8mL Pen","ADA231118E","2025-11-25","36","pens","pending","","","","","","","FAC502","Midwest Arthritis Clinic","123 Park Place","Omaha","NE","68132","USA","","refrigerated","","","36","false","2023-11-18T11:39:00"
"ORD01066","2023-11-19T15:29:00","SUP820","Polaris Rx Supply","PRD2044","Simvastatin 20mg Tablets","SIMV231119B","2026-03-01","5000","tablets","shipped","SHIP2044F2","2023-11-20T11:40:00","FedEx Health","FDX2044G","2023-11-23","","FAC513","Cedarbrook Medical","2015 Spruce Rd","Columbus","OH","43215","USA","STOR7E","room temperature","","","5000","false","2023-11-20T12:05:00"
"ORD01067","2023-11-20T08:17:00","SUP785","Everest Pharma Inc.","PRD3299","Filgrastim 300mcg/ml Vials","FILG231120","2025-12-29","48","vials","delivered","SHIP3299V1","2023-11-21T09:50:00","DHL Medical","DHLX3299","2023-11-24","2023-11-24","FAC527","Highland Cancer Center","412 Grove St","Rochester","NY","14620","USA","COOL4D","refrigerated","2023-11-24T12:22:00","","48","false","2023-11-24T13:33:00"
"ORD01068","2023-11-21T12:13:00","SUP792","BlueCrest Medical","PRD3280","Albuterol Inhalation Solution 0.083%","ALBU231121","2026-01-22","200","boxes","cancelled","","","","","","","FAC532","Liberty Urgent Care","978 Liberty Blvd","Houston","TX","77002","USA","","","","","0","true","2023-11-21T12:14:00"
"ORD01069","2023-11-22T14:45:00","SUP835","Delta Healthcare","PRD3182","Oxycodone 5mg Tablets","OXYCO231122","2025-12-20","200","tablets","pending","","","","","","","FAC545","Harborview ER","1000 Waterfront Rd","Baltimore","MD","21202","USA","","controlled substance","","","200","false","2023-11-22T14:48:00"
"ORD01070","2023-11-23T13:21:00","SUP803","WellPath Distribution","PRD3091","Influenza Vaccine Quadrivalent","FLUVAC231123","2026-01-27","80","vials","shipped","SHIP3091A1","2023-11-24T15:10:00","UPS Health","UPS3091A","2023-11-27","","FAC557","Redwood Pediatrics","1322 Oakwood Dr","Sacramento","CA","95816","USA","COOL5E","refrigerated","","","80","false","2023-11-24T16:00:00"
"ORD01071","2023-11-24T09:21:00","SUP808","Sierra Biologics","PRD3321","Insulin Glargine 100U/mL","INSGL231124","2026-02-19","96","pens","delivered","SHIP3321P1","2023-11-25T11:00:00","Cardinal Courier","CRD3321P","2023-11-28","2023-11-28","FAC569","Southwest Endocrinology","201 Desert Rd","Phoenix","AZ","85016","USA","COOL6F","refrigerated","2023-11-28T14:10:00","","96","false","2023-11-28T15:25:00"
"ORD01072","2023-11-25T15:32:00","SUP785","Everest Pharma Inc.","PRD3091","Influenza Vaccine Quadrivalent","FLUVAC231125","2026-01-29","80","vials","pending","","","","","","","FAC574","Pinecrest Pediatrics","3100 Aspen Ave","Salt Lake City","UT","84105","USA","","refrigerated","","","80","false","2023-11-25T15:35:00"
"ORD01073","2023-11-26T13:14:00","SUP811","Axis Pharma","PRD3033","Metformin 500mg Tablets","METF231126","2025-12-07","6000","tablets","delivered","SHIP3033Q1","2023-11-27T10:00:00","FedEx Health","FDX3033Q","2023-11-30","2023-11-30","FAC581","Green Valley Clinic","141 Hillside Rd","Las Vegas","NV","89109","USA","STOR8G","room temperature","2023-11-30T14:22:00","","6520","false","2023-11-30T16:09:00"
"ORD01074","2023-11-27T14:18:00","SUP820","Polaris Rx Supply","PRD2035","Ibuprofen 400mg Tablets","IBUP202311D","2025-12-31","10000","tablets","shipped","SHIP2035A4","2023-11-28T13:30:00","FedEx Health","FDX2035D","2023-12-01","","FAC592","Sunrise Medical","2101 Citrus Way","Orlando","FL","32806","USA","STOR9H","room temperature","","","10000","false","2023-11-28T16:20:00"
"ORD01075","2023-11-28T10:09:00","SUP835","Delta Healthcare","PRD3361","Vancomycin 1g Vials","VANC231128","2026-01-15","24","vials","pending","","","","","","","FAC603","St. Luke's Hospital","500 North Ave","St. Paul","MN","55102","USA","","room temperature","","","24","false","2023-11-28T10:10:00"
"ORD01076","2023-11-29T12:44:00","SUP808","Sierra Biologics","PRD3467","Human Albumin 20% Solution","ALBU231129","2026-04-18","50","vials","delivered","SHIP3467R1","2023-11-30T13:00:00","Cardinal Courier","CRD3467R","2023-12-03","2023-12-03","FAC614","Heritage Medical Center","1600 Heritage Blvd","Lexington","KY","40504","USA","STOR10J","room temperature","2023-12-03T17:20:00","","50","false","2023-12-03T18:42:00"
"ORD01077","2023-11-30T14:12:00","SUP803","WellPath Distribution","PRD3428","Ceftriaxone 1g Injection","CEFTR231130","2026-01-31","24","vials","delivered","SHIP3428S1","2023-12-01T12:50:00","DHL Medical","DHLX3428","2023-12-04","2023-12-04","FAC625","St. Anne's Medical Center","2229 Elmwood Ave","Milwaukee","WI","53211","USA","STOR11K","room temperature","2023-12-04T15:30:00","","24","false","2023-12-04T16:19:00"
"ORD01078","2023-12-01T08:11:00","SUP820","Polaris Rx Supply","PRD2044","Simvastatin 20mg Tablets","SIMV231201C","2026-03-10","6000","tablets","delivered","SHIP2044F3","2023-12-02T10:25:00","FedEx Health","FDX2044H","2023-12-05","2023-12-05","FAC638","Northview Clinic","1702 Pinecrest Rd","San Antonio","TX","78205","USA","STOR12L","room temperature","2023-12-05T13:45:00","","6550","false","2023-12-05T16:31:00"
"ORD01079","2023-12-02T10:36:00","SUP792","BlueCrest Medical","PRD3525","Cytarabine 100mg/ml Vials","CYTAR231202","2026-04-11","36","vials","delivered","SHIP3525T1","2023-12-03T09:40:00","DHL Medical","DHLX3525","2023-12-06","2023-12-06","FAC649","Central Oncology Center","876 Med Center Dr","Memphis","TN","38104","USA","HAZ3C","hazardous","2023-12-06T13:10:00","","36","false","2023-12-06T14:19:00"
"ORD01080","2023-12-03T11:20:00","SUP803","WellPath Distribution","PRD3238","Palbociclib 125mg Capsules","PALB231203D","2026-02-08","500","capsules","shipped","SHIP3238K5","2023-12-04T14:40:00","UPS Health","UPS3238L","2023-12-07","","FAC652","Southpoint Oncology","3501 Ivy Ct","Raleigh","NC","27609","USA","STOR13M","room temperature","","","500","false","2023-12-04T15:20:00"
"ORD01081","2023-12-04T14:28:00","SUP785","Everest Pharma Inc.","PRD2035","Ibuprofen 400mg Tablets","IBUP202312A","2026-01-10","10000","tablets","delivered","SHIP2035A5","2023-12-05T15:00:00","FedEx Health","FDX2035E","2023-12-08","2023-12-08","FAC660","Horizon Care Hospital","2200 Sunbeam Ave","Los Angeles","CA","90025","USA","STOR14N","room temperature","2023-12-08T13:50:00","","10900","false","2023-12-08T15:18:00"
"ORD01082","2023-12-05T09:55:00","SUP811","Axis Pharma","PRD3033","Metformin 500mg Tablets","METF231205","2026-02-04","3000","tablets","pending","","","","","","","FAC673","Westhaven Medical","1900 Lincoln Rd","Miami","FL","33139","USA","","room temperature","","","3000","false","2023-12-05T09:59:00"
"ORD01083","2023-12-06T10:11:00","SUP820","Polaris Rx Supply","PRD2044","Simvastatin 20mg Tablets","SIMV231206D","2026-03-22","10000","tablets","delivered","SHIP2044F4","2023-12-07T12:00:00","FedEx Health","FDX2044I","2023-12-10","2023-12-10","FAC684","Northern Plains Health","123 Dakota Ave","Fargo","ND","58103","USA","STOR15P","room temperature","2023-12-10T15:20:00","","10850","false","2023-12-10T16:42:00"
"ORD01084","2023-12-07T14:02:00","SUP785","Everest Pharma Inc.","PRD2035","Ibuprofen 400mg Tablets","IBUP202312B","2026-02-11","5000","tablets","shipped","SHIP2035A6","2023-12-08T10:30:00","FedEx Health","FDX2035F","2023-12-11","","FAC695","Pinewood Medical","1234 Willow Lane","Little Rock","AR","72205","USA","STOR16Q","room temperature","","","5000","false","2023-12-08T12:01:00"
"ORD01085","2023-12-08T09:05:00","SUP835","Delta Healthcare","PRD3182","Oxycodone 5mg Tablets","OXYCO231208","2026-03-01","500","tablets","delivered","SHIP3182U1","2023-12-09T13:30:00","UPS Health","UPS3182U","2023-12-12","2023-12-12","FAC702","Valley ER","3000 River Rd","Cincinnati","OH","45220","USA","CTRL3C","controlled substance","2023-12-12T16:10:00","","500","false","2023-12-12T17:40:00"
"ORD01086","2023-12-09T10:22:00","SUP803","WellPath Distribution","PRD3033","Metformin 500mg Tablets","METF231209","2026-04-01","10000","tablets","shipped","SHIP3033Q2","2023-12-10T09:00:00","FedEx Health","FDX3033R","2023-12-13","","FAC715","Sunrise Family Clinic","1902 Sunrise Ave","Tampa","FL","33606","USA","STOR17R","room temperature","","","10000","false","2023-12-10T10:30:00"
"ORD01087","2023-12-10T09:20:00","SUP820","Polaris Rx Supply","PRD2044","Simvastatin 20mg Tablets","SIMV231210E","2026-04-09","5000","tablets","delivered","SHIP2044F5","2023-12-11T11:40:00","FedEx Health","FDX2044J","2023-12-14","2023-12-14","FAC729","New Hope Health Center","300 Hope Blvd","Charlotte","NC","28203","USA","STOR18S","room temperature","2023-12-14T15:30:00","","5250","false","2023-12-14T17:20:00"
"ORD01088","2023-12-11T14:21:00","SUP792","BlueCrest Medical","PRD3525","Cytarabine 100mg/ml Vials","CYTAR231211","2026-03-29","24","vials","pending","","","","","","","FAC731","Lakeside Oncology Center","1200 Lakeside Dr","Cleveland","OH","44106","USA","","hazardous","","","24","false","2023-12-11T14:23:00"
"ORD01089","2023-12-12T10:15:00","SUP835","Delta Healthcare","PRD3182","Oxycodone 5mg Tablets","OXYCO231212","2026-04-12","200","tablets","shipped","SHIP3182U2","2023-12-13T13:00:00","UPS Health","UPS3182V","2023-12-16","","FAC743","Mountainview ER","98 Skyline Ave","Denver","CO","80202","USA","CTRL4D","controlled substance","","","200","false","2023-12-13T13:30:00"
"ORD01090","2023-12-13T11:44:00","SUP820","Polaris Rx Supply","PRD2044","Simvastatin 20mg Tablets","SIMV231213F","2026-05-01","10000","tablets","delivered","SHIP2044F6","2023-12-14T12:40:00","FedEx Health","FDX2044K","2023-12-17","2023-12-17","FAC754","Silverlake Medical","200 Silver Lake Rd","Seattle","WA","98109","USA","STOR19T","room temperature","2023-12-17T15:10:00","","10200","false","2023-12-17T16:58:00"
"ORD01091","2023-12-14T10:51:00","SUP803","WellPath Distribution","PRD3173","Tetanus-Diphtheria Vaccine","TETDIP231214","2026-01-17","48","vials","delivered","SHIP3173L2","2023-12-15T14:00:00","DHL Medical","DHLX3174","2023-12-18","2023-12-18","FAC764","Eastside Clinic","3200 Hillcrest Rd","Birmingham","AL","35209","USA","COOL7H","refrigerated","2023-12-18T16:22:00","","48","false","2023-12-18T17:35:00"
"ORD01092","2023-12-15T12:19:00","SUP835","Delta Healthcare","PRD3182","Oxycodone 5mg Tablets","OXYCO231215","2026-05-10","200","tablets","cancelled","","","","","","","FAC777","Central ER","19 Main St","Boston","MA","02118","USA","","","","","0","true","2023-12-15T12:22:00"
"ORD01093","2023-12-16T08:34:00","SUP785","Everest Pharma Inc.","PRD2035","Ibuprofen 400mg Tablets","IBUP202312C","2026-03-17","8000","tablets","shipped","SHIP2035A7","2023-12-17T13:15:00","FedEx Health","FDX2035G","2023-12-20","","FAC785","Brookside Family Medicine","4567 Valley Dr","Kansas City","MO","64111","USA","STOR20U","room temperature","","","8000","false","2023-12-17T14:20:00"
"ORD01094","2023-12-17T14:11:00","SUP803","WellPath Distribution","PRD3091","Influenza Vaccine Quadrivalent","FLUVAC231217","2026-04-08","80","vials","delivered","SHIP3091A2","2023-12-18T12:40:00","UPS Health","UPS3091B","2023-12-21","2023-12-21","FAC799","Mountainview Pediatrics","559 Aspen Ct","Bozeman","MT","59715","USA","COOL8I","refrigerated","2023-12-21T14:18:00","","80","false","2023-12-21T16:01:00"
"ORD30001","2023-10-01T09:22:18Z","SUP214","MedicoPharm Inc.","PRD4021","Amoxicillin 500mg Tablets","AMX500-23102021","2025-10-01","8000","tablets","delivered","SHIP4021A","2023-10-02T14:10:00Z","FedEx Health Logistics","FDX2345678","2023-10-04","2023-10-04","FAC804","St. John Medical Center","400 Willow Ave","Cleveland","OH","44109","USA","STOR01","room temperature","2023-10-04T16:55:00Z","","8550","false","2023-10-04T18:08:00Z"
"ORD30002","2023-10-02T13:50:42Z","SUP129","HealthSource Pharma","PRD4154","Insulin Glargine Injection 100U/mL","INSGL-20231002-B","2025-10-02","40","vials","delivered","SHIP4154B","2023-10-03T10:21:00Z","UPS Healthcare","UPSGL4210","2023-10-05","2023-10-05","FAC817","Mapleview Diabetes Clinic","801 Sycamore Lane","Buffalo","NY","14209","USA","COOL03","refrigerated","2023-10-05T12:12:00Z","","40","false","2023-10-05T14:35:00Z"
"ORD30003","2023-10-03T11:42:30Z","SUP110","BioGenix Corp.","PRD4180","Morphine Sulfate 10mg/ml Ampules","MORPH10-20231003","2026-10-03","25","ampules","delivered","SHIP4180C","2023-10-04T08:02:00Z","Cardinal Courier","CRDCOR9087","2023-10-06","2023-10-06","FAC829","Sunrise Pain Therapy","292 Sunrise Blvd","Austin","TX","78702","USA","CTRL04","controlled substance","2023-10-06T11:24:00Z","","25","false","2023-10-06T13:01:00Z"
"ORD30004","2023-10-04T08:09:14Z","SUP214","MedicoPharm Inc.","PRD4027","Ibuprofen 200mg Tablets","IBU200-20231004","2026-10-04","10000","tablets","delivered","SHIP4027D","2023-10-05T15:30:00Z","FedEx Health Logistics","FDX1029384","2023-10-07","2023-10-07","FAC833","Northern General Hospital","320 Sable Rd","Minneapolis","MN","55407","USA","STOR05","room temperature","2023-10-07T17:18:00Z","","10000","false","2023-10-07T17:36:00Z"
"ORD30005","2023-10-04T10:37:09Z","SUP129","HealthSource Pharma","PRD4162","Influenza Vaccine Quadrivalent","FLUVACQ-20231004","2024-12-15","80","pre-filled syringes","shipped","SHIP4162E","2023-10-05T09:45:00Z","UPS Healthcare","UPSFVQ8133","2023-10-07","","FAC841","Westlake Family Practice","710 Maple St","Seattle","WA","98122","USA","COOL07","refrigerated","","","80","false","2023-10-05T12:13:00Z"
"ORD30006","2023-10-05T11:32:36Z","SUP235","Northside Pharma Ltd.","PRD4230","Oxycodone 5mg Capsules","OXY5-20231005","2025-12-01","20","capsules","delivered","SHIP4230F","2023-10-06T08:37:00Z","Amerisource Bergen","AMBG5230","2023-10-08","2023-10-08","FAC848","Green Valley Pain Clinic","1228 Oakridge Dr","Denver","CO","80218","USA","CTRL11","controlled substance","2023-10-08T13:22:00Z","","0","true","2023-10-08T15:04:00Z"
"ORD30007","2023-10-06T10:03:48Z","SUP160","Global Health Solutions","PRD4257","Paracetamol 500mg Tablets","PAR500-20231006","2026-10-06","6000","tablets","delivered","SHIP4257G","2023-10-07T13:47:00Z","DHL Medical Express","DHL425700","2023-10-09","2023-10-09","FAC854","Central Regional Hospital","5018 Broadway","Columbus","OH","43215","USA","STOR12","room temperature","2023-10-09T16:22:00Z","","6425","false","2023-10-09T16:41:00Z"
"ORD30008","2023-10-07T09:16:12Z","SUP142","Silverline Remedies","PRD4288","Vancomycin 1g Vials","VANCO1G-20231007","2025-11-30","50","vials","shipped","SHIP4288H","2023-10-08T12:10:00Z","Cardinal Courier","CRDVAN1123","2023-10-11","","FAC861","Bay Area Health Center","3033 Market St","San Francisco","CA","94114","USA","COOL22","refrigerated","","","50","false","2023-10-08T12:15:00Z"
"ORD30009","2023-10-08T13:26:19Z","SUP110","BioGenix Corp.","PRD4329","Cisplatin 50mg/50ml Vials","CISPL-20231008","2025-12-30","16","vials","delivered","SHIP4329I","2023-10-09T09:24:00Z","FedEx Health Logistics","FDXCIS9082","2023-10-12","2023-10-12","FAC869","Lakeside Oncology Center","2100 Lakeview Dr","Madison","WI","53703","USA","HAZ15","hazardous","2023-10-12T14:00:00Z","","0","true","2023-10-12T15:35:00Z"
"ORD30010","2023-10-09T11:17:29Z","SUP214","MedicoPharm Inc.","PRD4021","Amoxicillin 500mg Tablets","AMX500-20231009","2025-10-09","9000","tablets","delivered","SHIP4021J","2023-10-10T16:20:00Z","DHL Medical Express","DHLAMX6382","2023-10-13","2023-10-13","FAC874","East Bay Community Hospital","5720 Hilltop Rd","Oakland","CA","94618","USA","STOR15","room temperature","2023-10-13T18:41:00Z","","9450","false","2023-10-13T19:09:00Z"
"ORD30011","2023-10-10T13:40:22Z","SUP129","HealthSource Pharma","PRD4154","Insulin Glargine Injection 100U/mL","INSGL-20231010","2026-10-10","60","vials","pending","","","","","","","FAC880","Pine Ridge Endocrine","1502 Pine Ridge St","Portland","OR","97214","USA","","refrigerated","","","60","false","2023-10-10T14:00:00Z"
"ORD30012","2023-10-11T15:55:19Z","SUP160","Global Health Solutions","PRD4362","Metformin 850mg Tablets","MET850-20231011","2026-10-11","5000","tablets","delivered","SHIP4362K","2023-10-12T14:12:00Z","FedEx Health Logistics","FDXM850124","2023-10-15","2023-10-15","FAC885","Southwest Medical Center","1190 Elm St","Phoenix","AZ","85012","USA","STOR25","room temperature","2023-10-15T15:44:00Z","","5150","false","2023-10-15T16:25:00Z"
"ORD30013","2023-10-12T12:50:00Z","SUP142","Silverline Remedies","PRD4288","Vancomycin 1g Vials","VANCO1G-20231012","2025-12-31","30","vials","shipped","SHIP4288L","2023-10-13T11:30:00Z","UPS Healthcare","UPSVAN4721","2023-10-17","","FAC891","Riverbend Hospital","210 River Bend Ave","Sacramento","CA","95819","USA","COOL37","refrigerated","","","30","false","2023-10-13T13:04:00Z"
"ORD30014","2023-10-13T09:14:18Z","SUP235","Northside Pharma Ltd.","PRD4238","Epinephrine 1mg/mL Ampules","EPI1MG-20231013","2025-12-31","18","ampules","delivered","SHIP4238M","2023-10-14T08:00:00Z","Amerisource Bergen","AMBG2381","2023-10-18","2023-10-18","FAC897","Evergreen General Hospital","4200 Evergreen Dr","Houston","TX","77019","USA","STOR19","room temperature","2023-10-18T13:12:00Z","","18","false","2023-10-18T15:21:00Z"
"ORD30015","2023-10-14T10:10:20Z","SUP160","Global Health Solutions","PRD4405","Doxycycline 100mg Capsules","DOXY100-20231014","2026-10-14","4500","capsules","delivered","SHIP4405N","2023-10-15T15:50:00Z","DHL Medical Express","DHLDOX9087","2023-10-17","2023-10-17","FAC903","Coastal Family Medical","980 Harbor Blvd","San Diego","CA","92103","USA","STOR31","room temperature","2023-10-17T17:09:00Z","","4600","false","2023-10-17T17:14:00Z"
"ORD30016","2023-10-15T08:32:55Z","SUP214","MedicoPharm Inc.","PRD4027","Ibuprofen 200mg Tablets","IBU200-20231015","2026-10-15","9500","tablets","delivered","SHIP4027O","2023-10-16T13:25:00Z","FedEx Health Logistics","FDXIBU2384","2023-10-19","2023-10-19","FAC909","Lakeshore Medical Center","2201 Lake Dr","Chicago","IL","60616","USA","STOR38","room temperature","2023-10-19T18:00:00Z","","10100","false","2023-10-19T18:20:00Z"
"ORD30017","2023-10-16T07:29:42Z","SUP110","BioGenix Corp.","PRD4180","Morphine Sulfate 10mg/ml Ampules","MORPH10-20231016","2026-10-16","18","ampules","shipped","SHIP4180P","2023-10-17T08:33:00Z","Cardinal Courier","CRDMRPH180","2023-10-20","","FAC915","Lincoln Recovery Clinic","336 Central Ave","Kansas City","MO","64108","USA","CTRL23","controlled substance","","","18","false","2023-10-17T09:04:00Z"
"ORD30018","2023-10-17T13:15:09Z","SUP129","HealthSource Pharma","PRD4154","Insulin Glargine Injection 100U/mL","INSGL-20231017","2026-10-17","70","vials","pending","","","","","","","FAC921","Mountain View Diabetes","1012 Aspen Rd","Boise","ID","83702","USA","","refrigerated","","","70","false","2023-10-17T13:47:00Z"
"ORD30019","2023-10-18T12:03:48Z","SUP110","BioGenix Corp.","PRD4409","Warfarin Sodium 5mg Tablets","WARF5MG-20231018","2026-10-18","1000","tablets","shipped","SHIP4409Q","2023-10-19T11:30:00Z","FedEx Health Logistics","FDXWAR4009","2023-10-22","","FAC927","Pioneer Cardiology Clinic","6601 Pioneer Pkwy","Peoria","IL","61615","USA","STOR49","room temperature","","","1000","false","2023-10-19T17:01:00Z"
"ORD30020","2023-10-19T14:45:06Z","SUP214","MedicoPharm Inc.","PRD4422","Clopidogrel 75mg Tablets","CLOPI75-20231019","2026-10-19","3000","tablets","delivered","SHIP4422R","2023-10-20T09:30:00Z","UPS Healthcare","UPSCLO4422","2023-10-23","2023-10-23","FAC933","Southgate Medical Center","3177 Southgate Rd","Atlanta","GA","30315","USA","STOR56","room temperature","2023-10-23T13:20:00Z","","3200","false","2023-10-23T16:42:00Z"
"ORD30021","2023-10-20T09:08:53Z","SUP235","Northside Pharma Ltd.","PRD4238","Epinephrine 1mg/mL Ampules","EPI1MG-20231020","2025-12-31","24","ampules","pending","","","","","","","FAC939","Meridian Emergency Center","1222 Meridian Ave","Miami","FL","33139","USA","","room temperature","","","24","false","2023-10-20T09:16:00Z"
"ORD30022","2023-10-21T12:31:40Z","SUP160","Global Health Solutions","PRD4405","Doxycycline 100mg Capsules","DOXY100-20231021","2026-10-21","4000","capsules","delivered","SHIP4405S","2023-10-22T10:45:00Z","DHL Medical Express","DHLDXY4000","2023-10-25","2023-10-25","FAC945","Newport Health Group","2100 Newport Dr","Newport","RI","02840","USA","STOR65","room temperature","2023-10-25T14:18:00Z","","4000","false","2023-10-25T14:55:00Z"
"ORD30023","2023-10-22T14:15:35Z","SUP142","Silverline Remedies","PRD4437","Human Rabies Vaccine","HRV-20231022","2025-11-01","32","vials","pending","","","","","","","FAC951","Summit Animal Clinic","420 Summit Ave","Dallas","TX","75205","USA","","refrigerated","","","32","false","2023-10-22T15:02:00Z"
"ORD30024","2023-10-23T11:23:09Z","SUP214","MedicoPharm Inc.","PRD4422","Clopidogrel 75mg Tablets","CLOPI75-20231023","2026-10-23","2000","tablets","delivered","SHIP4422T","2023-10-24T09:10:00Z","FedEx Health Logistics","FDXCLO4422","2023-10-27","2023-10-27","FAC957","Weston Cardiology Center","930 Weston Blvd","Weston","FL","33326","USA","STOR71","room temperature","2023-10-27T18:37:00Z","","2000","false","2023-10-27T19:15:00Z"
"ORD30025","2023-10-24T08:39:14Z","SUP110","BioGenix Corp.","PRD4180","Morphine Sulfate 10mg/ml Ampules","MORPH10-20231024","2026-10-24","8","ampules","delivered","SHIP4180U","2023-10-25T10:30:00Z","Cardinal Courier","CRDMRPH800","2023-10-28","2023-10-28","FAC963","Harmony Psychiatric Clinic","212 Harmony Rd","Cincinnati","OH","45219","USA","CTRL36","controlled substance","2023-10-28T12:00:00Z","","0","true","2023-10-28T12:00:00Z"
"ORD30026","2023-10-25T13:11:11Z","SUP235","Northside Pharma Ltd.","PRD4230","Oxycodone 5mg Capsules","OXY5-20231025","2025-12-31","12","capsules","pending","","","","","","","FAC969","Parkside Pain Center","800 Parkside St","Philadelphia","PA","19104","USA","","controlled substance","","","12","false","2023-10-25T15:21:00Z"
"ORD30027","2023-10-26T10:16:45Z","SUP160","Global Health Solutions","PRD4405","Doxycycline 100mg Capsules","DOXY100-20231026","2026-10-26","3500","capsules","delivered","SHIP4405V","2023-10-27T12:00:00Z","FedEx Health Logistics","FDXDXY3500","2023-10-30","2023-10-30","FAC975","Eastgate Medical Group","1899 Eastgate Dr","Lexington","KY","40502","USA","STOR89","room temperature","2023-10-30T13:45:00Z","","3500","false","2023-10-30T14:17:00Z"
"ORD30028","2023-10-27T09:21:36Z","SUP110","BioGenix Corp.","PRD4329","Cisplatin 50mg/50ml Vials","CISPL-20231027","2025-12-31","10","vials","delivered","SHIP4329W","2023-10-28T11:08:00Z","Cardinal Courier","CRDCIS0923","2023-10-31","2023-10-31","FAC981","River Valley Oncology","420 River Valley Ln","Little Rock","AR","72202","USA","HAZ47","hazardous","2023-10-31T13:09:00Z","","10","false","2023-10-31T13:20:00Z"
"ORD30029","2023-10-28T13:11:57Z","SUP214","MedicoPharm Inc.","PRD4021","Amoxicillin 500mg Tablets","AMX500-20231028","2025-10-28","8500","tablets","delivered","SHIP4021X","2023-10-29T15:30:00Z","UPS Healthcare","UPSAMX8500","2023-11-01","2023-11-01","FAC987","Highland Medical Center","555 Highland Ave","Boston","MA","02118","USA","STOR92","room temperature","2023-11-01T18:44:00Z","","9000","false","2023-11-01T19:10:00Z"
"ORD30030","2023-10-29T11:26:48Z","SUP129","HealthSource Pharma","PRD4154","Insulin Glargine Injection 100U/mL","INSGL-20231029","2026-10-29","45","vials","shipped","SHIP4154Y","2023-10-30T10:10:00Z","FedEx Health Logistics","FDXING4500","2023-11-02","","FAC993","Riverside Endocrine Clinic","900 Riverside Dr","St. Louis","MO","63108","USA","COOL53","refrigerated","","","45","false","2023-10-30T11:55:00Z"
"ORD30031","2023-10-30T13:18:09Z","SUP160","Global Health Solutions","PRD4405","Doxycycline 100mg Capsules","DOXY100-20231030","2026-10-30","5000","capsules","delivered","SHIP4405Z","2023-10-31T11:30:00Z","UPS Healthcare","UPSXDO5000","2023-11-03","2023-11-03","FAC999","Metro Medical Center","400 Metro Center Dr","Charlotte","NC","28202","USA","STOR98","room temperature","2023-11-03T16:05:00Z","","5150","false","2023-11-03T17:10:00Z"
"ORD30032","2023-10-31T10:20:15Z","SUP110","BioGenix Corp.","PRD4180","Morphine Sulfate 10mg/ml Ampules","MORPH10-20231031","2026-10-31","20","ampules","pending","","","","","","","FAC100","Cedar Ridge Rehab","983 Cedar Ridge Dr","Indianapolis","IN","46202","USA","","controlled substance","","","20","false","2023-10-31T11:31:00Z"
"ORD30033","2023-11-01T15:33:22Z","SUP214","MedicoPharm Inc.","PRD4422","Clopidogrel 75mg Tablets","CLOPI75-20231101","2026-11-01","1000","tablets","shipped","SHIP4422AA","2023-11-02T10:28:00Z","FedEx Health Logistics","FDXCLP4422","2023-11-05","","FAC102","Northpoint Cardiology","967 Northpoint Dr","Baltimore","MD","21201","USA","STOR101","room temperature","","","1000","false","2023-11-02T15:32:00Z"
"ORD30034","2023-11-02T14:22:52Z","SUP235","Northside Pharma Ltd.","PRD4230","Oxycodone 5mg Capsules","OXY5-20231102","2025-12-31","15","capsules","cancelled","","","","","","","FAC104","Riverside Rehab Center","214 Riverside Dr","Jacksonville","FL","32204","USA","","","","","0","true","2023-11-02T15:11:00Z"
"ORD30035","2023-11-03T13:16:39Z","SUP129","HealthSource Pharma","PRD4154","Insulin Glargine Injection 100U/mL","INSGL-20231103","2026-11-03","55","vials","shipped","SHIP4154AB","2023-11-04T09:37:00Z","UPS Healthcare","UPSGL4150","2023-11-07","","FAC106","Sunset Endocrine Clinic","300 Sunset Blvd","Los Angeles","CA","90026","USA","COOL120","refrigerated","","","55","false","2023-11-04T10:11:00Z"
"ORD30036","2023-11-04T09:19:09Z","SUP214","MedicoPharm Inc.","PRD4027","Ibuprofen 200mg Tablets","IBU200-20231104","2026-11-04","10000","tablets","delivered","SHIP4027AC","2023-11-05T14:10:00Z","FedEx Health Logistics","FDXIBU1000","2023-11-08","2023-11-08","FAC108","Westside Medical Center","1000 Westside Dr","Denver","CO","80204","USA","STOR112","room temperature","2023-11-08T16:44:00Z","","10000","false","2023-11-08T17:29:00Z"
"ORD30037","2023-11-05T14:22:18Z","SUP110","BioGenix Corp.","PRD4329","Cisplatin 50mg/50ml Vials","CISPL-20231105","2025-12-31","20","vials","shipped","SHIP4329AD","2023-11-06T13:10:00Z","Cardinal Courier","CRDCIS8232","2023-11-09","","FAC110","Downtown Oncology Center","88 Downtown Ave","Houston","TX","77002","USA","HAZ121","hazardous","","","20","false","2023-11-06T14:37:00Z"
"ORD30038","2023-11-06T10:28:44Z","SUP129","HealthSource Pharma","PRD4154","Insulin Glargine Injection 100U/mL","INSGL-20231106","2026-11-06","15","vials","backordered","","","","","","","FAC112","Beacon Diabetes Center","1201 Beacon St","Raleigh","NC","27601","USA","","refrigerated","","","0","true","2023-11-06T11:00:00Z"
"ORD30039","2023-11-07T12:17:38Z","SUP110","BioGenix Corp.","PRD4180","Morphine Sulfate 10mg/ml Ampules","MORPH10-20231107","2026-11-07","22","ampules","pending","","","","","","","FAC114","Liberty Pain Clinic","130 Liberty Rd","Columbia","SC","29201","USA","","controlled substance","","","22","false","2023-11-07T13:32:00Z"
"ORD30040","2023-11-08T09:45:05Z","SUP214","MedicoPharm Inc.","PRD4021","Amoxicillin 500mg Tablets","AMX500-20231108","2025-11-08","9000","tablets","delivered","SHIP4021AE","2023-11-09T15:30:00Z","UPS Healthcare","UPSAMX9000","2023-11-12","2023-11-12","FAC116","Eastside General Hospital","800 Eastside Ave","New York","NY","10032","USA","STOR120","room temperature","2023-11-12T18:35:00Z","","9500","false","2023-11-12T19:18:00Z"
"ORD30041","2023-11-09T13:32:19Z","SUP129","HealthSource Pharma","PRD4154","Insulin Glargine Injection 100U/mL","INSGL-20231109","2026-11-09","50","vials","shipped","SHIP4154AF","2023-11-10T11:12:00Z","FedEx Health Logistics","FDXINS5040","2023-11-13","","FAC118","Grandview Endocrine Center","310 Grandview Rd","San Jose","CA","95112","USA","COOL145","refrigerated","","","50","false","2023-11-10T13:17:00Z"
"ORD30042","2023-11-10T13:46:30Z","SUP160","Global Health Solutions","PRD4405","Doxycycline 100mg Capsules","DOXY100-20231110","2026-11-10","2500","capsules","delivered","SHIP4405AG","2023-11-11T12:30:00Z","DHL Medical Express","DHLDXY2500","2023-11-14","2023-11-14","FAC120","Park Avenue Medical","1200 Park Ave","Newark","NJ","07102","USA","STOR125","room temperature","2023-11-14T16:33:00Z","","2700","false","2023-11-14T17:10:00Z"
"ORD30043","2023-11-11T12:07:46Z","SUP214","MedicoPharm Inc.","PRD4422","Clopidogrel 75mg Tablets","CLOPI75-20231111","2026-11-11","1500","tablets","delivered","SHIP4422AH","2023-11-12T09:17:00Z","FedEx Health Logistics","FDXCLO1500","2023-11-15","2023-11-15","FAC122","Sunrise Cardiology","1500 Sunrise Blvd","Orlando","FL","32801","USA","STOR130","room temperature","2023-11-15T17:08:00Z","","1500","false","2023-11-15T18:22:00Z"
"ORD30044","2023-11-12T13:30:11Z","SUP110","BioGenix Corp.","PRD4409","Warfarin Sodium 5mg Tablets","WARF5MG-20231112","2026-11-12","1500","tablets","shipped","SHIP4409AI","2023-11-13T10:19:00Z","UPS Healthcare","UPSWAR1500","2023-11-16","","FAC124","Redwood Medical Group","600 Redwood Ave","San Mateo","CA","94401","USA","STOR135","room temperature","","","1500","false","2023-11-13T12:05:00Z"
"ORD30045","2023-11-13T14:19:31Z","SUP235","Northside Pharma Ltd.","PRD4230","Oxycodone 5mg Capsules","OXY5-20231113","2025-12-31","18","capsules","delivered","SHIP4230AJ","2023-11-14T16:08:00Z","Amerisource Bergen","AMBGOXY18","2023-11-17","2023-11-17","FAC126","Lakeside Pain Clinic","1205 Lakeside Dr","Fargo","ND","58103","USA","CTRL152","controlled substance","2023-11-17T19:00:00Z","","0","true","2023-11-17T19:00:00Z"
"ORD30046","2023-11-14T12:09:13Z","SUP160","Global Health Solutions","PRD4405","Doxycycline 100mg Capsules","DOXY100-20231114","2026-11-14","3000","capsules","delivered","SHIP4405AK","2023-11-15T09:33:00Z","DHL Medical Express","DHLDXY3000","2023-11-18","2023-11-18","FAC128","Brookside Medical","725 Brookside St","Des Moines","IA","50309","USA","STOR140","room temperature","2023-11-18T13:44:00Z","","3000","false","2023-11-18T14:30:00Z"
"ORD30047","2023-11-15T13:10:15Z","SUP214","MedicoPharm Inc.","PRD4422","Clopidogrel 75mg Tablets","CLOPI75-20231115","2026-11-15","1750","tablets","delivered","SHIP4422AL","2023-11-16T11:40:00Z","FedEx Health Logistics","FDXCLO1750","2023-11-19","2023-11-19","FAC130","Central Cardiology Clinic","1330 Central Ave","Columbus","OH","43215","USA","STOR145","room temperature","2023-11-19T17:39:00Z","","1750","false","2023-11-19T18:25:00Z"
"ORD30048","2023-11-16T09:18:32Z","SUP110","BioGenix Corp.","PRD4409","Warfarin Sodium 5mg Tablets","WARF5MG-20231116","2026-11-16","1800","tablets","shipped","SHIP4409AM","2023-11-17T12:00:00Z","FedEx Health Logistics","FDXWAR1800","2023-11-20","","FAC132","Heartland Medical","1320 Heartland Dr","Columbia","MO","65201","USA","STOR150","room temperature","","","1800","false","2023-11-17T13:22:00Z"
"ORD30049","2023-11-17T15:11:44Z","SUP235","Northside Pharma Ltd.","PRD4230","Oxycodone 5mg Capsules","OXY5-20231117","2025-12-31","10","capsules","cancelled","","","","","","","FAC134","Summit Recovery Center","101 Summit Dr","Cleveland","OH","44113","USA","","","","","0","true","2023-11-17T16:00:00Z"
"ORD30050","2023-11-18T08:55:10Z","SUP160","Global Health Solutions","PRD4405","Doxycycline 100mg Capsules","DOXY100-20231118","2026-11-18","3500","capsules","delivered","SHIP4405AN","2023-11-19T11:40:00Z","DHL Medical Express","DHLDXY3500","2023-11-22","2023-11-22","FAC136","Oakwood Health Group","1400 Oakwood Blvd","Nashville","TN","37208","USA","STOR155","room temperature","2023-11-22T14:30:00Z","","3500","false","2023-11-22T15:11:00Z"
"ORD20001","2023-01-15T10:12:00Z","SUP203","NorthStar Pharma","PRD3102","Atorvastatin Calcium Tablets","ATC20230115A","2025-01-14","5000","tablets","delivered","SHIP3102A","2023-01-16T13:45:00Z","AmeriExpress Logistics","AMEX3102A","2023-01-19","2023-01-19","FAC401","Green Valley Medical Center","220 Oak Avenue","Fresno","CA","93710","USA","STOR1201","room temperature","2023-01-19T15:30:00Z","","5200","false","2023-01-19T16:00:00Z"
"ORD20002","2023-03-04T08:22:00Z","SUP112","GlobeChem Supply","PRD4445","Insulin Glargine Injection","IGI20230304B","2026-03-03","48","vials","shipped","SHIP4445B","2023-03-05T10:14:00Z","FedMedical Freight","FMF4445B2","2023-03-08","","FAC317","Maplewood Community Hospital","77 Maple St","Durham","NC","27701","USA","COOL4102","refrigerated","","","48","false","2023-03-05T10:25:00Z"
"ORD20003","2023-05-10T15:05:00Z","SUP156","Everest Life Sciences","PRD2287","Morphine Sulfate Injection","MSI20230510","2025-05-09","30","ampules","delivered","SHIP2287E","2023-05-11T09:00:00Z","Cardinal Courier","CC2287E","2023-05-13","2023-05-13","FAC528","St. Agnes Regional Medical","301 Elm Drive","Minneapolis","MN","55401","USA","CTRL528A","controlled substance","2023-05-13T11:45:00Z","","30","false","2023-05-13T12:00:00Z"
"ORD20004","2023-07-21T11:18:00Z","SUP210","Atlantic Pharma Group","PRD6712","Influenza Vaccine Quadrivalent","IVQ20230721","2024-09-30","80","pre-filled syringes","pending","","","","","","","FAC813","Westlake Pediatric Clinic","990 Meadow Lane","Boise","ID","83702","USA","","refrigerated","","","80","false","2023-07-21T11:32:00Z"
"ORD20005","2023-11-02T13:30:00Z","SUP119","PanMed Pharmaceuticals","PRD5579","Paracetamol Oral Suspension","POS20231102C","2026-11-01","0","bottles","cancelled","","","","","","","FAC234","Lincoln Health Pharmacy","411 Oakridge Lane","Ottawa","ON","K1A0B1","Canada","","","","","0","true","2023-11-02T14:00:00Z"